{
  "project_info": {
    "project_number": "801584150956",
    "project_id": "firemobi-3cf7b",
    "storage_bucket": "firemobi-3cf7b.appspot.com"
  },
  "client": [
    {
      "client_info": {
        "mobilesdk_app_id": "1:801584150956:android:a74fd26e7bf4b628906209",
        "android_client_info": {
          "package_name": "edu.neu.madcourse.sticky"
        }
      },
      "oauth_client": [
        {
          "client_id": "801584150956-t25575r2pclbv772ui0ecq7vu2jr8opg.apps.googleusercontent.com",
          "client_type": 3
        }
      ],
      "api_key": [
        {
          "current_key": "AIzaSyAhfP1A3OlYs8LjhyuBJ4yHKtEqK5EL1jg"
        }
      ],
      "services": {
        "appinvite_service": {
          "other_platform_oauth_client": [
            {
              "client_id": "801584150956-t25575r2pclbv772ui0ecq7vu2jr8opg.apps.googleusercontent.com",
              "client_type": 3
            }
          ]
        }
      }
    }
  ],
  "configuration_version": "1"
}